1,20
1.093658,5.144171,2.379721,5.695927,3.344743,4.327249,3.886568,5.000374,4.958913,5.026747,6.232028,3.829047,7.038052,5.624048,8.359340,6.404616,8.782823,4.883908,10.149159,5.143516
1,20
0.853079,6.015631,2.121532,4.510899,2.879888,4.679488,3.967815,5.260238,5.511704,4.809650,5.732082,5.996426,6.817890,5.817935,7.975994,5.279509,8.958109,5.281819,10.455150,4.830802
1,20
1.241487,6.186644,2.356529,4.763039,3.044769,5.473170,4.609730,5.409081,5.212074,5.794485,5.965180,5.263006,7.117309,3.767401,8.346774,4.573736,8.874090,5.255868,9.972974,5.128887
1,20
1.620580,4.714827,2.444716,5.246531,3.157113,4.646243,4.026193,4.325987,4.510328,4.122849,6.589183,4.818096,7.042383,4.686453,7.511111,5.220075,9.137016,4.248679,10.032557,4.895882
1,20
0.524038,4.911756,2.572290,4.673959,2.963010,5.078267,4.387761,4.574887,5.156515,5.139523,6.287323,5.298547,6.635004,5.122358,8.397674,4.940827,9.459331,4.355296,9.343255,5.028782
1,20
0.835267,4.952540,1.595536,5.691607,2.982219,5.651841,3.933693,4.937094,5.060748,4.701563,6.313803,4.239677,7.182224,5.335921,8.412925,5.011422,8.769373,4.411106,9.726597,4.832711
1,20
0.421475,4.464469,2.135975,5.659451,2.944978,4.394998,4.515844,4.462943,4.570111,4.663720,6.306901,5.368231,7.045423,4.465020,8.026122,5.167358,9.226629,5.205941,10.377413,5.077060
1,20
1.175371,4.073234,1.629114,4.451590,3.318627,5.109314,4.035898,5.397123,5.230862,5.231562,5.688986,4.693685,7.016454,6.122200,8.277521,5.036174,9.320700,5.432757,9.973327,4.792152
1,20
0.647426,4.595577,2.216696,5.580502,3.328141,5.296053,4.576234,5.121374,4.832719,5.120239,5.485192,4.589250,7.511436,5.496556,8.083527,5.173197,8.643565,4.869433,9.823173,4.907644
1,20
0.967829,4.670518,1.719492,4.583385,3.234444,5.189090,4.440255,4.442329,5.782316,5.333621,6.159353,5.397666,6.739909,5.518746,8.063556,4.989784,8.681542,5.309477,9.806098,5.901532
1,20
1.016758,3.945030,1.943746,4.600302,3.560508,5.283488,3.206647,4.999279,4.855614,5.311962,6.768553,5.063220,6.850913,5.340434,7.822809,4.356292,8.612157,5.109042,10.250753,4.216716
1,20
1.247695,5.202594,1.901789,4.648772,3.207232,5.749523,3.830038,5.068897,5.103926,4.206589,6.333327,4.490427,6.373964,4.307383,7.409480,5.477443,8.420558,4.699440,10.268348,4.414055
1,20
0.817502,4.464047,1.735497,4.462954,3.269733,5.434776,4.150945,5.490526,5.095602,4.120587,6.131480,4.925952,7.013590,5.125971,7.699946,4.694808,9.171272,5.380490,9.740336,5.127215
1,20
0.951670,4.905151,1.823731,4.578082,3.214092,5.971719,4.268571,4.876539,5.148408,5.220810,5.924174,4.598194,7.291241,5.143805,7.713219,5.233509,9.045676,5.002281,10.441583,5.163045
1,20
1.380924,5.528450,1.555980,5.007370,3.065005,5.807381,3.370329,4.592073,5.008984,4.001120,6.610483,4.625904,7.297614,4.900348,7.997810,4.813620,8.893039,4.576314,10.167052,5.668619
1,20
0.488876,4.072736,1.844474,5.899876,2.693480,4.560813,3.850074,5.323866,4.789341,5.524783,6.151275,5.661547,6.670789,4.741321,7.740485,5.012157,9.031980,4.918817,10.342785,4.697169
1,20
1.085922,5.282279,2.113413,4.599230,2.888588,4.073527,4.041856,5.026608,5.845461,4.781792,5.997607,5.140004,7.224618,5.042303,7.853732,5.364560,8.833070,5.450377,9.890653,4.337181
1,20
0.517886,4.869012,2.158883,4.134658,3.096889,5.506732,3.703011,4.536132,5.391301,5.621840,6.010439,4.705256,7.039076,5.745741,8.086627,4.597011,9.238488,4.443700,10.482088,5.478470
1,20
0.568965,4.708191,2.215220,5.854763,3.138452,4.804790,3.954695,4.654967,4.891998,4.775890,6.650737,5.357188,6.881562,4.342134,7.939852,5.313561,8.703147,4.334353,9.742761,4.934576
1,20
0.422285,4.675852,2.169474,4.981009,3.219103,4.900338,3.782578,5.440835,5.100426,4.971928,6.051495,4.579381,7.366545,4.922578,8.040600,5.594297,9.328706,4.792546,9.963074,4.670692
1,20
1.311165,5.243602,2.032011,4.216687,2.885302,5.528530,3.766362,4.706211,4.532033,5.151111,6.048500,5.109731,6.899750,4.560899,8.100851,3.569300,8.539400,5.267778,10.418001,4.828981
1,20
0.810940,4.552363,2.132472,5.156663,2.781904,5.333517,4.212249,5.414058,5.047718,5.003255,5.686517,4.882054,7.264629,5.326411,8.150053,5.982266,9.395970,5.442292,9.717728,5.042268
1,20
0.818323,4.110658,2.158035,4.538679,2.846913,4.001036,4.075403,4.821450,5.246104,4.831800,6.292281,5.125213,7.185986,5.143081,8.435741,4.656916,9.585402,4.593343,9.399906,5.396701
1,20
0.879218,4.779291,1.566387,4.472527,3.003260,4.922208,4.064552,5.064574,4.870022,5.254714,6.209836,4.984938,7.071399,4.771318,7.932693,5.298168,8.986075,4.943236,10.144890,5.403512
1,20
0.971602,5.929640,1.998010,5.463536,2.970951,4.386518,3.708679,4.836380,4.706872,5.445823,5.696035,5.144093,7.564413,6.132598,7.936695,4.976055,9.297384,4.224068,10.110413,5.222042
1,20
0.711658,5.495124,2.015633,4.351184,3.340908,4.239016,4.097455,5.310506,5.094754,4.246239,5.937634,4.160299,6.953697,5.394488,7.967406,4.672859,8.114884,5.622452,10.124365,4.353868
1,20
0.805725,5.543853,2.076431,3.875334,3.173719,5.902240,4.147879,4.683970,5.060544,5.658229,5.927329,5.775796,6.816836,4.265546,8.151941,5.088469,8.877673,6.733130,10.133327,4.892687
1,20
1.153776,5.218759,2.104635,4.581162,3.400946,4.346249,4.344851,5.397071,4.700706,4.901368,5.861334,5.324576,7.108536,4.584263,7.981531,5.447977,9.801629,4.093257,10.138712,5.783342
1,20
1.267687,5.234383,2.034834,4.671352,2.632827,4.141521,3.874288,5.735260,5.080415,5.347069,6.381937,4.744652,6.673165,5.056694,8.409561,4.885096,9.875357,4.269134,9.843357,3.558832
1,20
0.984989,4.949273,1.853755,4.285447,2.817649,4.617795,3.732481,5.205069,4.425340,4.605034,5.835014,5.080819,7.051051,5.988952,7.664226,5.397633,9.142459,5.518683,9.913734,6.180165
1,20
1.371693,4.854007,2.125777,4.806601,3.617039,4.723004,3.713923,4.528136,4.784285,4.970076,6.638240,4.712658,7.143676,5.720928,7.986685,5.117763,9.144885,5.510688,9.916470,4.930085
1,20
0.974211,5.201130,2.397893,4.730809,3.464391,4.942392,4.010417,5.911000,5.535209,3.989247,6.150439,4.681511,7.116539,4.905598,8.693171,5.074138,9.485626,4.108060,10.286901,5.264534
1,20
1.230761,5.137630,1.702703,5.176645,2.918006,4.399812,3.616243,5.083064,5.513728,5.388081,6.118115,4.309282,6.920661,5.564140,7.707345,6.232720,9.031199,4.221041,10.532616,3.966676
1,20
0.977042,5.537968,2.240052,4.351314,2.974176,4.939115,3.949886,5.370386,5.002055,4.579641,5.663341,4.825265,6.480148,5.014816,8.500130,5.976187,9.092533,5.229512,9.624445,4.800344
1,20
0.928727,5.323584,1.911367,5.316275,3.413223,5.951638,3.910073,4.419987,4.749639,4.826345,6.076090,4.152468,6.970070,5.459693,8.250843,5.010766,9.303401,4.850330,10.343772,4.139492
1,20
1.058006,4.650982,1.917865,5.152061,2.571578,5.550540,3.633985,4.776696,4.759039,4.766644,5.920848,4.282090,6.478615,4.511142,7.942450,5.302947,9.194697,4.943173,9.880885,5.382281
1,20
1.211840,4.444288,2.118833,5.234092,3.242437,5.161306,4.481764,5.050011,5.182408,5.150717,6.134704,5.011912,6.986424,4.988973,7.607162,4.995621,8.840320,5.464728,10.103043,4.954784
1,20
0.164796,4.985954,1.846266,5.070180,3.061971,5.118793,4.303491,4.664226,5.436497,4.477500,5.702283,5.482883,7.240608,4.890122,8.075237,5.707268,8.934107,4.537907,10.007823,4.702930
1,20
1.449447,4.887212,2.445125,4.517003,2.674601,5.047509,4.065305,4.871634,5.424097,6.155066,6.421442,5.095030,6.593681,4.913298,8.511775,4.992986,9.209230,4.693631,10.071893,6.035900
1,20
1.201445,5.852180,2.023684,5.011817,3.355208,5.145021,3.989524,4.290050,4.969089,5.237637,5.823981,4.276340,6.805362,4.505860,8.507404,5.474690,9.243020,5.175612,10.027491,4.563859
1,20
0.874101,4.446787,2.081092,5.895280,3.069578,6.081192,3.458795,4.590361,4.618707,4.981475,5.439355,5.981502,6.977076,4.729867,7.455736,5.858752,9.221954,5.409904,9.682043,5.027760
1,20
0.888332,5.173992,2.535421,4.651099,3.224854,6.009657,3.799902,4.103150,5.124191,4.670246,5.722364,5.385727,7.047101,4.589829,8.484422,5.008944,9.168185,5.327268,9.759772,5.628849
1,20
0.706832,5.492114,1.946280,5.496554,2.850844,5.334105,3.963876,4.967501,5.116842,4.689951,5.804377,5.112052,7.253019,4.766932,8.134933,4.833957,8.850636,5.462407,10.087264,5.723513
1,20
1.188419,5.091313,2.649301,3.986262,2.516409,5.511540,4.007174,3.254229,5.030132,5.054745,6.510558,4.224334,7.158516,4.822445,7.897593,5.699279,9.175259,4.743263,10.203158,5.958590
1,20
1.246155,4.838128,1.922064,4.509729,2.714278,5.589817,3.843182,5.447291,5.118426,4.928535,5.250372,4.703265,7.194500,5.124459,8.088375,4.435109,9.258948,5.033047,10.647478,4.681038
1,20
0.740912,3.942309,2.306094,5.340864,3.009597,5.004355,4.427254,5.167137,4.656458,4.726294,6.075978,4.174508,6.669168,5.446397,8.195656,4.746472,9.412688,4.835104,10.323656,5.084177
1,20
1.802188,4.538764,2.725308,6.157201,2.583003,5.294007,3.850065,4.845116,5.312238,4.483518,5.344451,5.551675,7.393396,5.171054,7.900312,3.868003,9.442496,4.548357,9.721757,6.485014
1,20
0.996279,4.817364,1.367690,4.768295,2.719185,5.097495,3.867215,4.966527,5.219645,4.739235,5.948533,5.063550,7.032121,6.056509,7.994353,5.270641,8.696318,4.672457,10.370874,4.565236
1,20
0.924454,5.180921,1.501629,5.426857,3.577353,4.595114,4.064595,4.266475,4.632102,4.948052,6.038140,4.588543,6.543519,5.212491,8.184154,4.072658,8.942616,5.429288,10.013285,5.153197
1,20
0.648493,4.750944,1.899680,4.289303,3.264955,4.864613,4.767316,5.219832,4.888976,4.746928,6.437015,4.907826,6.727837,5.201000,8.065425,5.269614,8.934384,4.633203,10.107599,4.865814
1,20
1.275307,4.580206,2.104596,4.169724,2.573758,6.506243,4.489480,5.750420,4.805002,4.820504,5.779092,4.942560,6.549820,5.179451,7.965331,4.993931,8.967520,4.714820,9.897948,5.467017
1,20
0.640033,5.201855,2.618933,5.378079,2.442418,6.092220,3.897753,4.953109,5.275938,4.852897,6.037288,4.747597,6.524692,4.036500,8.291510,5.260690,9.051623,3.972794,9.742378,4.865081
1,20
0.913027,5.603210,2.267258,5.098671,2.123675,4.646562,4.290321,5.608184,4.835797,5.183585,5.591114,4.366242,6.997243,5.310525,8.073793,4.102273,8.865858,4.471080,9.535320,5.075772
1,20
1.130053,5.126062,2.022293,4.614261,2.388723,5.459773,4.258903,5.426079,5.399003,5.328563,6.369146,4.623268,6.819646,4.330749,7.875439,5.326113,8.678259,5.723608,10.079122,4.354937
1,20
0.301709,5.027993,2.454137,3.949979,2.980498,5.617649,4.372455,5.001336,5.311647,4.770232,5.614652,3.948412,6.863428,5.186961,7.735968,5.122590,9.056820,5.169290,10.368817,4.460967
1,20
0.769102,5.337619,1.710232,5.392984,3.565274,3.933630,3.740566,5.109965,4.937794,5.483143,5.718512,5.174997,7.288004,5.450908,7.996121,6.060594,9.023026,5.624293,10.297070,4.438407
1,20
0.737504,4.925269,1.961490,4.841459,2.796795,5.466797,3.975034,5.361642,5.388363,5.244092,5.831967,6.633099,6.909526,5.015850,7.928025,5.170637,9.213303,4.958235,10.327878,5.308211
1,20
0.833981,5.627946,2.318665,5.077921,3.578413,5.027466,4.026970,5.699276,4.978394,4.112176,5.821817,5.164827,6.850243,4.471049,7.461295,4.678315,8.983012,5.129220,9.721295,5.445847
1,20
0.735437,5.103534,2.174921,4.777719,3.461190,4.439755,3.729599,5.217679,4.686263,5.008544,5.996300,4.818507,7.198247,4.684381,8.000474,4.749838,8.741855,4.566403,10.036413,4.479953
1,20
1.400165,5.581919,1.923644,4.709947,2.453232,5.208651,3.845605,4.175937,5.335323,4.713662,5.829821,5.329616,7.562044,4.359799,7.753495,5.025062,8.761889,5.274201,9.673295,5.889223
1,20
1.202730,4.946041,2.299374,4.711421,2.887975,5.262816,3.816962,5.575980,5.017858,5.429189,5.717507,5.472788,7.354832,5.753065,8.245339,5.147669,9.304368,5.602048,10.398695,4.994077
1,20
1.249662,5.068431,1.556148,5.288814,3.487657,5.121544,3.438725,5.733836,5.065034,5.565277,5.890519,5.005327,6.633497,5.062167,8.106198,5.889716,9.105064,4.880264,10.446264,5.428996
1,20
0.722240,5.718522,1.759052,3.874461,3.272836,5.178245,4.205012,4.574879,5.334598,4.850224,5.799767,4.682876,7.321917,5.812239,8.054368,5.620535,8.984987,5.277640,10.534155,5.351709
1,20
1.144884,6.265898,2.216295,4.388378,3.079465,4.464125,3.943552,5.123029,5.160557,4.974694,5.902001,4.634925,6.875289,5.163494,7.914701,5.376495,8.972131,4.423139,10.002539,4.796066
1,20
0.592728,4.885534,2.026430,4.731890,3.051798,5.719511,4.215849,4.744450,4.656460,4.196582,6.094075,4.899378,6.954682,5.571752,8.440174,5.331646,9.097002,5.082042,9.830127,5.892703
1,20
0.814149,4.722778,2.081914,4.853528,2.724302,5.590116,3.750839,5.188698,4.891110,5.495787,6.204795,5.301726,7.649572,4.603557,8.252648,5.465409,8.661296,4.324806,9.935124,5.399895
1,20
1.189622,5.838005,2.347986,4.837451,2.551038,5.050574,3.935605,4.711654,5.005665,4.969236,6.031734,5.362794,7.277128,4.386329,8.221579,5.095465,9.206185,4.632591,10.056456,5.394192
1,20
0.378492,5.166471,1.381609,4.963258,3.513647,5.523878,3.952749,6.029431,4.377579,5.013347,5.466797,4.879738,6.972513,5.519238,8.097204,4.746387,9.106741,4.258460,10.337412,4.946756
1,20
1.077559,4.009601,2.046104,5.181469,2.646430,5.351975,3.811231,4.623702,4.785127,4.991541,6.302015,4.779168,6.958637,5.850667,8.205360,4.984715,9.189267,5.101959,9.939126,4.476095
1,20
0.767455,4.954468,1.571017,4.987660,3.230399,5.099968,4.192009,4.480843,4.738073,5.264683,6.913153,3.891441,7.290656,5.053708,8.128322,5.219455,9.605951,4.979503,9.223443,5.182155
1,20
0.758498,4.726132,2.173775,5.838297,2.881529,5.586501,3.475328,4.905469,4.901897,5.043286,5.803957,5.756280,6.675996,5.896635,8.159695,5.551310,9.012799,4.837076,9.919447,4.708593
1,20
1.237673,5.421047,1.726863,5.238171,2.661359,4.955805,3.887664,4.793482,5.302276,4.727708,6.050369,4.987997,7.077457,4.599743,8.355677,4.743905,9.074196,4.256662,9.639955,4.740679
1,20
0.780782,4.400725,2.182670,5.309387,3.460101,4.583794,4.327449,4.514753,5.331035,4.773245,6.213837,4.348646,7.172848,5.007987,8.237167,5.555330,8.769205,4.875313,10.263482,5.247851
1,20
1.051241,5.144683,2.383211,5.435002,2.949936,4.801369,4.092646,5.268929,5.780360,5.884868,6.362471,4.047258,6.704693,4.461626,8.354109,5.597470,8.707734,4.853026,10.003133,4.980911
1,20
1.292174,5.101988,2.702994,5.494874,2.588305,5.187600,3.712552,4.688937,4.975492,5.060277,6.000161,4.841302,7.033791,4.700158,7.901190,5.676577,9.385686,4.901166,9.712371,4.710999
1,20
0.760941,4.495219,2.038326,5.428353,2.526973,5.162643,3.479439,5.626219,5.061000,5.110079,5.592139,5.407598,6.873557,5.569711,8.245204,4.794145,9.291609,4.769467,10.488425,4.335476
1,20
0.972330,4.931939,2.112402,5.327546,2.764999,4.353269,4.022778,5.963370,4.887295,5.116626,5.863487,4.727489,7.246445,5.516406,8.258144,5.188568,9.363126,5.054628,9.656906,4.659906
1,20
0.441734,5.446020,1.695293,4.935139,2.795833,4.493257,4.143102,5.126144,5.194321,5.261793,5.751666,4.269185,7.261892,5.933203,8.211056,3.925474,8.960313,4.182382,9.699195,5.612010
1,20
1.102829,4.571693,1.864366,4.805644,3.003667,5.514254,4.231263,4.880140,4.725507,4.774189,6.293510,4.510366,7.220511,4.433276,7.985722,5.011060,9.060466,5.520120,9.801168,5.615742
1,20
1.177144,5.867614,1.902273,4.611235,2.883753,4.158101,4.115623,5.088514,5.296444,4.937761,6.308083,4.792223,6.329937,5.439729,7.985307,5.283064,8.694277,5.187958,9.850978,4.861523
1,20
1.110711,4.671500,1.907881,5.338873,3.058843,4.744583,4.182337,5.223002,5.107409,5.758317,5.787233,5.468878,6.830181,4.919919,7.671073,4.943081,9.315369,5.968563,9.991761,4.914601
1,20
1.095238,4.192580,2.103087,5.920040,3.292459,4.590537,4.068081,5.496068,5.115818,5.266909,6.101873,4.236636,7.850338,6.011430,8.277037,5.276148,8.722830,5.910071,9.615009,5.171322
1,20
1.056782,4.713128,1.677663,5.052696,3.011890,4.697452,4.043362,5.210897,4.519001,4.818596,5.994017,4.562942,7.051623,5.465797,7.771952,5.300021,9.129844,5.285680,9.616532,5.342555
1,20
1.319207,4.752232,2.313341,4.896591,3.010654,4.922102,3.857612,4.862301,4.965007,3.778375,6.391445,4.786339,6.621203,5.154530,7.821523,6.225788,9.329923,4.268686,10.267529,4.682229
1,20
0.878103,5.060927,1.702026,4.380980,2.786934,5.122063,3.391501,5.699129,4.964450,4.952263,5.836033,5.193811,7.169176,4.516843,8.018154,5.754593,9.337041,5.201915,10.512522,4.788929
1,20
0.470627,5.166357,1.782552,5.070385,2.675175,5.788918,3.844240,5.044774,5.109670,4.663508,6.262264,5.465947,7.049215,4.821055,8.026473,5.101051,9.118464,5.438125,10.839016,5.403974
1,20
0.492981,3.954749,1.253054,4.912983,2.778103,5.009594,4.522378,4.569986,5.074337,4.988525,5.952012,4.698841,6.950704,5.434951,8.328297,4.714594,9.104508,5.652340,10.150463,4.978678
1,20
1.283192,4.345979,2.722535,5.323191,3.021133,4.305398,4.472631,4.329659,4.660857,5.564436,6.576592,5.000848,6.617861,5.189842,7.979321,4.549334,8.896645,4.901603,9.636607,5.153471
1,20
1.052954,5.257587,2.565440,5.222415,2.802648,5.570449,3.952578,5.223841,5.263170,5.157720,6.299813,5.472796,6.375849,5.214332,7.876077,4.337697,8.786005,5.054911,9.994934,4.172639
1,20
1.351225,5.272665,1.333436,5.125465,2.826126,4.803626,4.029808,4.688979,4.987914,4.404762,6.595434,4.060767,7.017538,4.787996,7.805871,5.388621,9.185631,4.643037,9.618405,5.792320
1,20
0.719091,5.330581,2.676990,4.135179,2.781114,3.930963,4.031401,4.969976,5.453780,5.692845,6.390036,5.608908,6.760412,4.252475,8.233559,5.018642,8.647608,5.401435,9.460557,5.486927
1,20
1.493547,4.828591,2.501616,4.761019,3.270785,4.555449,3.549539,5.631715,5.012555,5.191601,5.563634,4.940566,7.389931,5.208624,8.550893,5.506611,8.367072,4.565241,10.264207,4.602660
1,20
1.217724,5.106390,2.501434,3.898618,3.395341,5.625537,3.963443,6.012353,4.578857,4.980552,5.259140,5.499292,6.706995,4.621333,8.357201,5.298073,8.826351,6.061609,10.089724,5.655863
1,20
0.778659,5.396600,1.677570,5.213136,3.016796,4.895049,3.925048,4.205920,4.980161,4.441810,6.401960,5.308428,7.069930,5.271732,8.526210,4.266052,8.986415,5.059954,9.957867,5.264678
1,20
0.628355,4.788917,1.684337,4.174533,3.377589,5.308984,3.445432,5.298080,5.141205,4.690781,6.309290,5.263938,6.433555,4.327841,7.958831,4.382617,8.628357,4.423280,10.028449,4.945336
1,20
0.834235,5.343165,2.604406,4.425257,2.977514,5.555079,4.177668,5.591282,5.181537,5.853664,6.117552,4.789842,7.060619,5.819689,8.393414,5.131734,8.631860,4.268258,10.517118,4.611915
1,20
1.293930,4.337873,2.566983,5.750138,2.625855,3.898549,3.964843,5.161257,4.792312,5.210502,6.594424,4.589649,6.716634,4.516771,8.421059,5.304674,8.802493,4.481894,10.245607,4.985881
1,20
0.108311,4.299709,1.341914,5.240050,2.985848,5.103775,4.353528,5.161042,4.478381,4.997060,6.214613,5.140695,7.156319,4.874330,7.813910,4.153270,8.992434,4.707992,10.692954,5.117221
1,20
1.081835,5.213107,2.190893,4.197165,3.702331,5.453105,3.476918,5.124757,5.215165,5.947114,6.042953,4.443811,6.987987,4.638979,7.780811,4.123907,8.959673,5.001806,10.215149,5.497572
1,20
0.848537,4.896751,1.835846,6.069683,2.906820,4.675593,3.949230,5.211796,5.323664,5.058933,6.005026,4.459611,6.847370,5.437763,8.200702,3.886859,8.568527,4.026944,10.189302,4.345203
1,20
5.652812,0.793846,5.491985,2.192782,4.374307,3.224245,4.910123,4.088479,4.628297,4.535950,5.116621,5.781386,6.050672,6.725518,4.561667,7.837931,5.974394,8.752683,4.767364,10.134646
1,20
5.505770,0.940958,4.874666,2.068907,5.277118,3.014622,5.379440,4.211975,5.066921,4.800618,4.863719,5.962555,4.728686,7.076548,4.418448,7.881072,4.863241,9.088684,5.079752,9.438869
1,20
5.229289,0.878173,5.230911,2.215299,4.999406,3.263307,4.823531,4.169055,4.783504,5.242871,4.147613,6.554944,5.547858,6.461049,5.317886,8.148472,4.456408,8.982828,4.261367,9.763185
1,20
5.358382,1.138089,4.997244,1.871294,5.600057,2.798028,4.482991,3.871965,4.576216,5.757006,5.216711,5.984308,4.556238,6.935940,5.060616,7.937534,4.799048,9.479501,5.548339,9.452228
1,20
5.556236,1.201709,4.640359,1.821021,4.863317,2.994897,5.338702,4.196796,4.531775,5.168687,5.212858,5.876880,4.962728,6.597863,4.300596,8.086204,5.096153,9.100392,5.290195,10.473826
1,20
4.223100,1.127701,4.822854,1.891165,5.217114,2.690076,4.949261,4.587344,6.014384,5.097885,4.816394,5.845332,3.818113,6.780259,5.364929,7.942955,4.300490,9.397272,5.657444,10.604230
1,20
5.013596,1.239136,5.213565,2.038198,5.161682,2.836856,4.175516,3.892211,5.070169,4.658476,4.750979,5.779466,4.786113,6.815640,4.924563,7.941142,3.554595,9.185929,4.632729,9.993346
1,20
4.960119,1.214813,4.582243,1.997228,5.489310,3.604609,5.117739,3.690534,5.283024,4.846272,5.109645,6.024633,5.403856,7.008285,5.756263,7.929550,4.784183,8.848304,5.271280,10.260757
1,20
4.969798,1.184560,4.596618,1.963258,5.856419,2.954523,5.456079,4.339872,5.744421,5.538279,4.986626,6.123719,5.957912,7.040266,5.459839,8.711807,4.095951,8.996623,4.367346,9.857524
1,20
4.702475,0.657216,4.632165,2.431504,5.040848,3.025830,4.569572,3.852074,4.070795,4.865167,4.357557,6.281324,5.218101,7.205469,5.545641,7.428836,5.601301,9.324037,6.156432,10.260961
1,20
4.881834,0.810671,4.509367,1.834503,4.615206,2.457407,4.381939,4.280076,4.974893,4.314847,4.805668,6.133488,4.844027,6.906773,5.110682,7.884814,4.851338,9.204807,4.151403,9.904015
1,20
4.886581,0.775762,4.564210,2.009280,5.562880,3.174044,5.495809,3.770582,5.343219,5.000242,5.265627,5.940704,5.363219,7.392573,5.347127,8.149414,5.197050,9.346103,5.315812,10.196906
1,20
5.504617,1.356777,4.952751,1.731974,5.057576,3.179462,4.685922,4.087468,5.193786,4.978805,6.537136,5.773177,5.048793,7.131966,4.977203,8.355617,5.429128,9.215871,4.218191,10.441483
1,20
4.305705,0.760197,5.009631,1.766888,4.324823,2.541142,5.057318,4.480905,5.270816,4.226116,4.616167,5.592052,5.641413,6.372423,4.762572,7.575323,5.311716,8.117143,4.826151,10.190428
1,20
5.020221,1.109334,4.484541,1.891001,4.349512,3.009735,4.341010,3.957832,4.860772,4.802030,3.988954,6.351468,5.203365,7.380158,4.955087,8.022889,4.828869,8.675314,5.326113,9.629074
1,20
5.125502,1.484182,4.867689,2.434076,4.593405,2.806431,5.066008,3.694291,4.407674,4.931570,5.170210,5.900046,4.203953,7.438076,3.773118,7.889859,4.895940,9.381216,4.509035,10.391251
1,20
6.259862,0.569010,4.810275,2.544798,4.762366,3.063679,5.837863,3.826806,4.630815,5.127064,4.092249,6.263859,5.043364,6.668499,5.250129,8.071234,4.818510,8.847461,4.824654,10.522002
1,20
5.079463,0.949067,4.437657,1.791977,4.944468,3.223495,5.224525,4.487091,6.050292,4.993061,5.019784,6.333545,5.285786,6.779666,5.600363,8.050376,5.254386,8.944195,4.565119,10.515533
1,20
5.146982,1.069832,5.383857,1.812249,4.829407,2.351609,4.683299,4.000135,5.197351,5.535582,4.590781,5.895162,4.319135,6.636292,4.848941,7.686722,5.799587,9.115167,4.803839,9.867080
1,20
5.491811,1.485230,4.862117,2.055526,3.957238,2.849438,4.780264,3.911536,5.355962,5.222191,5.513238,6.382058,5.642467,6.921715,5.500360,8.478348,5.536696,8.770752,5.947016,9.852849
1,20
4.806525,1.611960,4.669025,2.082764,5.434951,3.562620,4.906457,4.598536,5.925769,4.803839,4.996936,5.623481,5.933140,7.271385,3.785016,7.742250,5.180908,8.950304,5.141742,9.819362
1,20
5.050405,0.896294,5.298212,2.153440,5.356102,3.747800,5.067821,3.998695,4.526546,4.662383,4.576536,5.856575,5.146151,7.144902,3.907850,8.323136,4.412778,8.854828,4.217116,9.998542
1,20
5.592931,1.078796,5.111870,2.139628,5.040196,2.991485,4.834466,3.765328,4.807686,4.973021,5.529002,5.593929,4.734170,6.892927,4.976365,8.729597,4.483090,9.528832,5.301873,10.274415
1,20
5.219032,1.402280,5.413278,2.211181,5.194750,2.711987,5.465875,3.667114,5.602882,5.135092,4.489371,5.782170,4.904505,6.621065,4.986425,7.921747,4.722441,8.732872,4.502908,10.268673
1,20
6.153286,1.129751,4.149524,2.317067,5.418751,3.155196,5.211216,4.398559,4.578722,4.366022,5.480829,5.903707,4.555813,6.885145,4.058875,7.981695,4.438343,9.337473,5.289082,9.786096
1,20
5.126227,0.999554,4.044666,2.396569,4.542322,2.827104,5.470072,3.767460,4.128268,4.760907,5.707423,6.624457,4.757949,6.895736,5.263884,7.491185,4.411861,9.299963,5.377404,10.007891
1,20
4.822064,1.351053,5.258409,2.047067,5.443740,2.925359,4.681411,3.497678,5.055449,4.918662,4.844673,5.978003,4.710950,7.032824,5.237762,7.861966,5.360683,9.292857,4.314931,10.495854
1,20
5.621815,0.768913,4.884725,2.435584,5.167802,3.276088,5.203361,3.833853,4.689100,4.766941,4.994256,6.446164,4.705141,7.009920,5.034378,8.058583,5.805019,9.110453,4.906483,9.801074
1,20
5.544442,1.384169,6.176568,2.070590,3.756088,3.116898,5.098983,3.827181,5.472681,5.353698,4.602082,5.971454,5.044868,7.139348,5.085297,8.371492,4.700125,8.906004,5.353284,9.938594
1,20
5.045278,0.916884,4.888342,2.501803,4.365536,2.872250,5.241202,4.364200,4.279233,5.364650,4.847773,5.833792,4.295804,7.135775,5.650724,8.040034,5.042695,9.668818,5.239477,9.685600
1,20
4.207726,1.288725,5.155425,1.646169,4.515196,3.076158,4.705425,4.355257,5.165717,4.795018,4.350973,6.027629,5.535851,7.516931,5.210703,7.751917,5.711204,8.648864,4.844075,10.295234
1,20
4.988256,0.770527,4.449661,2.423710,4.553145,2.595642,5.173134,4.510423,5.122442,4.819823,4.824211,5.999358,5.114530,7.302800,5.282216,8.233307,4.634516,8.892042,4.840120,10.280993
1,20
4.410138,0.550788,5.690737,1.893853,5.580222,2.375057,5.009256,3.878881,5.201946,4.750225,5.489754,5.969629,4.836132,7.119346,5.272704,8.262474,5.343599,8.954727,5.185976,10.012694
1,20
5.506642,0.498307,5.648357,2.340725,5.108796,3.219843,5.430628,4.521025,4.635050,5.093237,5.792811,6.222935,4.668614,6.635879,4.616233,8.588014,5.269062,9.749921,4.967334,9.879416
1,20
4.652609,0.949770,5.500055,2.198963,4.432360,2.596566,5.076805,3.905119,4.932591,5.062249,5.413315,5.834744,4.015577,7.497483,5.061719,8.243317,5.130958,8.816980,4.114452,10.104868
1,20
5.564408,1.113097,5.124110,2.113497,5.278461,3.292384,5.321570,4.115612,5.369573,4.757522,4.338628,5.995028,4.661603,6.773419,4.823556,8.274219,4.201286,8.522196,4.299058,10.271781
1,20
5.249048,0.441819,5.386547,1.870032,4.710691,2.876409,5.098566,3.774303,4.979483,4.790042,4.244575,6.152753,5.242392,6.723682,5.221298,8.021782,4.628447,8.865565,5.620015,9.959408
1,20
5.966174,0.965529,4.729071,2.579337,5.442761,2.649985,5.018934,3.822428,5.015740,5.083107,4.048695,6.586338,5.510387,7.081377,5.077262,8.351372,4.782992,9.237999,5.018714,10.227351
1,20
5.643769,0.931419,6.145615,2.390933,5.073793,3.026095,4.854990,3.990545,5.093607,4.790864,4.848409,5.823784,3.844328,6.968092,4.942025,8.040454,5.083920,9.122889,4.816851,10.517109
1,20
5.678282,0.869505,4.401402,1.857438,5.878294,2.584790,4.507251,3.628774,6.285606,4.817003,5.099643,6.113852,4.780636,6.347848,3.989348,8.211036,4.801010,8.847859,5.771072,10.254351
1,20
4.997827,0.860408,4.778653,1.851712,5.251382,2.838601,5.252577,3.925012,6.012561,5.135420,4.349399,6.352186,4.648985,6.884590,4.388277,8.577884,4.714938,9.275990,4.747303,10.385693
1,20
4.509900,1.191198,4.085906,2.194241,5.163472,2.989857,5.172164,3.667369,4.149869,4.650734,4.257063,6.234172,5.176031,6.468084,5.518225,7.906735,5.678173,9.044422,4.540869,10.345627
1,20
4.820425,1.151525,4.303757,2.759815,5.174020,3.442923,4.640170,3.579923,5.888740,5.058412,4.566029,6.336737,5.085502,6.514638,6.021208,8.091286,5.527055,8.978445,4.991542,10.091192
1,20
4.597462,1.351138,4.086507,1.755316,4.463784,3.170727,5.937446,3.882762,4.935133,5.395538,4.524235,5.600900,5.733930,6.870810,5.459493,8.259557,4.568703,8.974849,5.537476,10.182271
1,20
5.868773,0.868720,4.786821,1.952508,4.452088,3.094880,5.781143,4.372143,4.781300,5.048192,5.159142,5.918259,4.709019,6.730425,4.215602,8.184302,4.526332,8.339619,5.656119,9.628438
1,20
5.368162,1.050203,5.223435,1.822864,4.361580,2.886567,5.268508,4.129705,5.234735,4.982660,4.407849,5.879378,4.964112,6.673739,5.801045,7.740614,4.753240,8.676337,4.326227,9.808630
1,20
5.880261,0.804377,5.073827,1.412148,4.725323,2.819138,4.936068,4.448404,5.122664,4.887867,5.138037,6.323147,5.159359,7.190312,5.545270,7.811133,4.828059,9.605056,5.177558,10.276203
1,20
5.451289,1.345938,4.545183,1.896568,4.676463,2.990075,5.323222,3.523029,5.599876,5.095581,4.986810,6.028377,5.855968,7.166998,4.936101,8.106948,5.359027,8.788338,5.001683,10.209987
1,20
6.305079,0.628318,4.679268,1.937277,5.466143,2.976673,4.711117,4.193658,4.545787,4.617227,4.438594,5.417152,5.287684,7.145098,5.016622,7.754435,5.436850,8.844804,4.904993,10.174046
1,20
5.009166,1.071138,5.082462,1.652817,5.592152,2.612349,5.532953,3.832392,5.001796,3.816618,4.734164,6.131990,4.403106,7.393227,5.157882,8.034970,6.156539,8.896567,5.523539,10.427823
1,20
4.786129,0.801189,4.710313,2.112657,5.462984,3.412704,5.002755,4.115636,4.682755,5.244152,5.429163,6.396969,4.759612,6.959417,5.744854,8.299981,4.685304,8.960630,4.703025,10.664060
1,20
5.130141,0.844811,4.727260,1.681967,5.050216,3.851081,4.633548,4.117489,4.237921,4.793463,5.174890,6.134183,5.116429,7.388811,5.327001,8.214275,4.577523,9.289870,4.597442,10.152025
1,20
4.246428,1.124351,4.620053,1.733078,5.529921,2.840990,4.900958,3.576501,5.129601,4.809326,5.277462,6.138992,4.489289,7.496954,5.095056,7.642173,4.782606,9.109199,4.262917,10.165510
1,20
5.521982,0.895060,5.629935,1.892915,4.447060,2.549811,5.030687,3.835170,5.615347,5.449750,5.272553,6.018750,5.699988,7.303764,5.608244,8.517003,6.171900,8.908209,3.689988,9.870468
1,20
4.341440,1.111388,4.861352,1.954423,4.642654,2.917573,4.890357,4.288315,4.887208,5.729279,4.635818,6.268048,4.427659,7.203237,4.811156,8.001493,5.007313,9.041042,4.552164,10.183864
1,20
4.723510,1.063384,4.253721,2.155111,5.214556,3.045476,4.649067,4.072763,5.196858,5.748029,4.584729,5.752941,4.373291,6.949755,4.298285,7.786954,5.140551,9.225802,5.977270,10.080698
1,20
4.836369,1.186774,5.371054,1.778582,4.497148,2.923729,5.059710,3.725066,5.100221,5.057428,5.786926,6.072062,5.269314,7.551729,5.016530,8.574862,4.329127,9.335718,4.264546,10.342786
1,20
4.415164,0.773723,5.637887,2.167386,4.529214,3.011239,4.200275,3.474146,6.583127,4.844576,5.159334,5.952545,4.668532,7.025720,5.003963,7.469124,5.034505,9.080744,3.964986,10.483528
1,20
4.203637,0.791912,5.219395,2.457661,5.671826,2.962983,5.190174,4.199203,5.294532,5.118683,4.762481,5.679064,4.907405,6.402374,4.427642,7.546606,4.939247,9.087260,4.723691,9.904750
1,20
5.379751,0.864132,4.810026,1.574233,4.338849,2.711110,5.048166,4.105407,5.550524,4.654493,5.132709,5.877635,4.907022,6.961283,4.789533,7.791360,5.634061,8.802523,5.457154,9.928434
1,20
4.724580,0.738494,4.328867,1.836442,5.368295,3.126462,4.540226,4.267887,5.517520,5.015182,4.828296,5.844124,4.846059,7.106075,5.647785,8.212257,5.130544,8.866659,4.798864,10.456357
1,20
4.817860,0.720183,5.449144,1.554063,5.484172,2.165671,5.028314,4.172376,4.957667,5.340896,5.436005,5.859490,4.098172,7.752409,5.016870,7.797306,5.034569,8.585336,5.182793,9.953929
1,20
5.052893,1.115611,5.341176,1.708309,5.060520,3.427027,4.618189,4.016506,4.238488,5.072490,4.706654,5.751009,4.318128,7.165392,5.361797,8.020524,4.948186,9.068358,4.073497,9.898721
1,20
5.321690,1.148609,3.780397,2.435106,5.082840,2.986794,5.524103,3.981245,4.904667,5.099075,5.289067,6.458021,4.702252,6.244169,5.086374,7.469827,4.708012,9.400583,5.572513,10.598788
1,20
4.897613,0.892583,5.676907,1.773626,6.085097,3.172192,5.094848,4.074412,4.772236,5.146264,4.761403,5.337858,4.871935,6.952565,5.399337,7.420188,4.914676,9.058609,6.018655,10.241911
1,20
5.589790,0.274155,5.376484,1.486896,5.242039,2.683749,5.387719,4.141391,4.971669,4.754658,4.980749,5.973015,5.510224,7.116812,5.543642,7.561642,4.764585,8.731127,4.101360,9.763025
1,20
4.599105,0.499085,4.780375,2.167573,5.393590,2.605713,4.746264,3.364130,5.347155,4.617140,5.170164,5.310019,5.095928,6.642259,5.487516,8.428266,6.070080,8.849322,5.733666,10.847719
1,20
5.195409,1.479370,5.501999,2.682271,4.927003,2.444798,4.860211,4.109651,4.608316,4.793155,5.080408,5.658007,4.258532,7.032692,4.574967,7.850783,4.465388,9.016165,5.084169,10.243023
1,20
4.532260,0.911922,4.923645,1.492806,4.149821,2.711895,4.808374,3.938961,5.494426,5.022667,4.127151,5.939501,5.195425,6.797225,4.324000,8.420126,5.109497,8.938505,4.774854,9.754640
1,20
4.620676,0.713817,4.962201,1.748807,5.464502,3.170487,4.787716,4.164965,5.435783,4.901527,5.113262,6.261245,4.718337,6.889339,4.591389,7.963475,5.088672,9.390485,4.948336,9.829262
1,20
3.978522,1.235252,4.355560,2.487895,5.145424,3.217414,4.892104,2.877338,6.375670,4.694191,4.292462,6.098597,4.878065,6.742253,5.020125,8.089610,4.313085,8.979054,5.539594,9.826866
1,20
5.034028,1.078828,5.256487,1.746478,5.571548,3.214955,4.553027,4.545929,4.714114,5.160030,4.639678,6.293842,5.423948,6.511903,5.786313,8.180584,5.527861,8.951326,5.670507,10.174978
1,20
5.638392,1.114678,4.680294,1.394842,5.752967,3.101168,4.528303,3.462227,5.020416,5.250110,5.153478,6.438661,5.533412,6.942201,4.838427,7.712741,4.532063,9.387989,5.708307,9.838501
1,20
4.590764,1.033024,4.369115,1.864609,4.266176,3.403205,5.137890,3.420851,4.834127,4.942700,5.394242,6.036232,4.971653,6.771570,4.895157,8.035418,4.139267,9.525339,4.612268,9.667838
1,20
4.824559,1.033529,4.290460,2.580078,5.363969,3.713778,4.396973,3.859863,4.570903,4.990510,5.711477,6.328589,5.411710,7.192112,4.622015,7.926312,5.508272,8.933760,4.670452,9.752068
1,20
3.864010,0.911480,4.921674,2.091944,4.401066,3.196094,4.886030,3.960705,6.234150,4.657771,5.016943,5.614937,5.754764,6.771634,4.444643,7.677711,5.637786,8.816877,4.163193,9.699418
1,20
5.621029,0.679931,5.134958,2.014780,5.141734,3.026282,4.580508,4.028845,5.138406,4.798182,5.161506,5.928421,4.531975,6.902945,4.405413,8.426772,4.032532,8.634383,5.436397,9.934885
1,20
5.533201,0.879765,5.210534,2.220068,4.455895,3.732719,5.396576,3.915125,3.649082,5.454426,4.753705,5.829458,5.783874,6.863999,5.249230,8.205781,5.395804,8.714746,4.953523,10.297974
1,20
4.158367,0.975838,3.789626,1.810962,4.920539,2.925057,5.164441,4.726265,5.637702,4.555967,5.059834,6.010808,5.477215,6.898522,5.120280,8.119971,5.339748,9.566895,4.515615,10.288499
1,20
4.671543,1.255457,4.283117,2.254947,5.423997,2.921205,4.503941,4.348588,4.642369,5.116154,5.232675,6.347851,4.238776,7.083318,5.778124,7.939571,5.051411,9.553002,4.882955,9.752329
1,20
5.316542,0.922813,6.011195,1.376044,4.793326,3.078760,5.317318,4.082528,5.159776,4.749712,4.825877,6.319179,4.998223,7.123605,5.308892,8.185594,6.164240,8.846254,5.443214,9.783746
1,20
4.766288,1.398138,4.444710,2.216218,4.738730,2.505611,5.363421,3.768975,3.872327,4.730001,4.114014,5.892877,5.013295,6.787721,5.164247,7.733858,4.525585,9.603968,5.268221,9.894706
1,20
4.923787,1.034559,5.143181,1.826083,4.133889,2.420898,4.429183,3.958613,5.234932,4.505113,5.175695,5.947928,4.419491,7.065569,5.562829,8.062601,4.966630,8.561622,5.070845,10.115929
1,20
4.394767,0.918218,5.125836,1.804330,5.301601,2.829678,5.799203,4.194885,3.974598,5.155466,5.414631,6.348047,4.918922,7.114773,4.962345,7.953864,4.718798,8.640015,5.117077,10.099543
1,20
4.846707,0.931874,5.110758,2.283940,5.437290,3.018881,4.753576,3.831067,4.758870,4.918034,4.870403,6.303223,5.106298,7.400593,6.018469,8.303902,4.563553,8.821723,5.669963,9.592438
1,20
5.200434,1.095320,5.263990,1.688861,3.743725,3.080153,5.012115,4.249177,6.047780,4.812383,4.905782,6.155648,4.677904,7.178822,4.496117,7.986464,4.094520,9.618683,4.755280,9.597694
1,20
5.137533,0.760503,4.536628,1.167828,4.639119,3.240391,5.220487,4.592880,5.546447,5.158000,5.085052,6.435232,5.652425,7.018651,4.534934,7.610907,5.169079,8.724100,4.734553,9.746175
1,20
5.551188,1.030749,4.759819,2.339395,5.045721,3.230220,4.333426,3.225599,4.908468,4.433457,4.187067,5.736470,4.648788,6.723741,5.379746,7.493963,5.854827,8.785517,5.242721,9.705536
1,20
5.550111,0.810254,4.695012,1.730638,4.361992,3.251049,4.791867,3.965553,4.657516,4.508957,5.131080,6.686465,4.884357,6.891946,4.257242,8.085716,5.290162,9.112206,4.818024,9.586840
1,20
5.610571,0.464477,5.125559,2.346725,5.071827,2.981853,5.675320,4.060682,5.079548,5.405174,4.138858,6.127363,4.991970,5.822933,5.583497,7.473880,5.606316,8.738161,5.132338,9.591657
1,20
5.076732,0.901276,5.075980,2.262572,4.653443,3.257340,5.584729,3.384596,4.605959,5.128616,4.827203,5.855173,4.666311,7.142472,4.551768,8.054429,5.027309,8.900047,4.302922,9.995789
1,20
5.303951,1.656815,5.363012,1.966744,4.625155,2.989486,4.336323,3.913449,4.790474,5.022046,5.509999,5.898962,5.171406,6.669790,5.197000,8.155882,4.778733,9.455301,4.617170,10.058461
1,20
4.627925,0.428517,5.028214,1.616044,5.510152,2.808239,5.891572,3.913448,4.297378,5.371803,5.057005,5.811980,4.783358,7.117647,5.272301,8.286447,5.084458,9.073258,4.705686,10.026815
1,20
4.694726,0.903082,5.420660,2.282019,5.814309,2.537084,5.237769,4.419434,5.153657,4.768958,5.117685,6.075436,5.517019,6.852044,4.834551,8.225651,4.743904,8.551748,5.265932,9.662492
1,20
5.816190,0.909988,4.512305,1.723604,4.650819,3.116530,5.031159,3.601025,4.600648,4.443567,5.073353,5.875554,5.587963,6.426035,5.034342,7.715994,5.863093,8.826928,4.275130,9.471776
1,20
5.281960,1.625524,5.152806,1.951444,4.686426,2.534073,4.303830,3.707159,4.862352,5.083075,4.916075,5.544697,3.913526,6.850252,5.653709,7.967901,5.217765,8.865613,4.123227,10.064405
1,20
4.643993,1.358287,4.874742,1.943994,5.095364,4.051627,3.889957,3.884479,4.040896,5.310976,4.466461,5.980071,5.039927,6.454554,5.101397,8.594456,4.634439,8.663675,5.656217,10.023316
1,20
5.960407,0.945457,5.321366,2.195705,5.185498,3.027894,4.927290,3.759439,5.122601,5.522396,5.945084,5.725018,4.769520,6.895507,4.889230,8.025329,4.772211,8.468040,4.793975,9.680900
1,20
4.353169,1.378874,3.667852,2.378474,6.066500,2.969207,4.634823,4.194274,5.420030,4.614645,5.008597,6.180842,4.502931,6.959425,4.979805,8.508658,5.202372,8.697347,4.428593,10.636095
1,20
5.010042,1.026094,5.222754,2.327539,5.724765,2.949755,5.551475,4.097804,4.562068,4.267805,4.542380,5.788891,4.542589,6.662716,5.537375,7.797881,4.932151,8.759045,4.777645,9.866518
